Options,Selected Option
"[None, None]",
"[""Probably JavaScript/being in another industry and going to a startup as a junior. In fairness I posted this in a thread and they reached out to me. Also they are well funded and my tech friend said go for it. I just don't want to fuck up as my degree is in business"", 'It depends on the GPO Graduate Program Officer. Most US institutions offer conditional offer letters, only after submitting the certificates you will be able to register for courses. But I may be wrong.']","{'comment': ""Probably JavaScript/being in another industry and going to a startup as a junior. In fairness I posted this in a thread and they reached out to me. Also they are well funded and my tech friend said go for it. I just don't want to fuck up as my degree is in business"", 'post_info': 'Scared Sh*tless. on r/learnprogramming by yyuyuyu2012', 'comment_author': 'yyuyuyu2012'}"
"[""Well I did look it up via one of it's funders and has contracts through a government agency. If this goes well I will expound on it a bit more. I appreciate it."", 'Decide our fate in a microsecond']","{'comment': 'Decide our fate in a microsecond', 'post_info': 'OpenAI‚Äôs Latest Article Hints at Their Timeline for AGI and ASI on r/singularity by ginius1s', 'comment_author': 'SharpCartographer831'}"
"[""Probably JavaScript/being in another industry and going to a startup as a junior. In fairness I posted this in a thread and they reached out to me. Also they are well funded and my tech friend said go for it. I just don't want to fuck up as my degree is in business"", 'I don‚Äôt want some AI dystopia where they have taken over the Earth, but yeah I think anyone could run the world better than humans']","{'comment': 'I don‚Äôt want some AI dystopia where they have taken over the Earth, but yeah I think anyone could run the world better than humans', 'post_info': 'OpenAI‚Äôs Latest Article Hints at Their Timeline for AGI and ASI on r/singularity by ginius1s', 'comment_author': 'SharpCartographer831'}"
"[""Probably JavaScript/being in another industry and going to a startup as a junior. In fairness I posted this in a thread and they reached out to me. Also they are well funded and my tech friend said go for it. I just don't want to fuck up as my degree is in business"", ""I seriously doubt your PhD offer was conditional on finishing your masters. It's only conditional on students finishing bachelor degree, because it's required, but not the masters.\r\n\r\nYes, you submitted masters transcript because you have to do that for them to see the grades you got up to that point.\r\n\r\nIs that what's going on? You post was not well written or specific enough so I had to guess a bit.""]","{'comment': ""Probably JavaScript/being in another industry and going to a startup as a junior. In fairness I posted this in a thread and they reached out to me. Also they are well funded and my tech friend said go for it. I just don't want to fuck up as my degree is in business"", 'post_info': 'Scared Sh*tless. on r/learnprogramming by yyuyuyu2012', 'comment_author': 'yyuyuyu2012'}"
"[""Probably JavaScript/being in another industry and going to a startup as a junior. In fairness I posted this in a thread and they reached out to me. Also they are well funded and my tech friend said go for it. I just don't want to fuck up as my degree is in business"", ""Probably JavaScript/being in another industry and going to a startup as a junior. In fairness I posted this in a thread and they reached out to me. Also they are well funded and my tech friend said go for it. I just don't want to fuck up as my degree is in business""]","{'comment': ""Probably JavaScript/being in another industry and going to a startup as a junior. In fairness I posted this in a thread and they reached out to me. Also they are well funded and my tech friend said go for it. I just don't want to fuck up as my degree is in business"", 'post_info': 'Scared Sh*tless. on r/learnprogramming by yyuyuyu2012', 'comment_author': 'yyuyuyu2012'}"
"['/remindMe! 3 days', ""Probably JavaScript/being in another industry and going to a startup as a junior. In fairness I posted this in a thread and they reached out to me. Also they are well funded and my tech friend said go for it. I just don't want to fuck up as my degree is in business""]","{'comment': '/remindMe! 3 days', 'post_info': 'OpenAI‚Äôs Latest Article Hints at Their Timeline for AGI and ASI on r/singularity by ginius1s', 'comment_author': 'Alchemystic1123'}"
"[""Probably JavaScript/being in another industry and going to a startup as a junior. In fairness I posted this in a thread and they reached out to me. Also they are well funded and my tech friend said go for it. I just don't want to fuck up as my degree is in business"", ""The article seems great üëçüèª I'll report back when I'm finished reading it.\r\n\r\nI think LLM agents is the next big thing in AI, when we will start to finetune them on datasets of successful agent flow.\r\n\r\nUsing current LM with prompting in agents is already kinda working, but finetuning them on the full workflow of successful agent would boost them and maybe we'll be able to do it entirely autonomously.""]","{'comment': ""The article seems great üëçüèª I'll report back when I'm finished reading it.\n\nI think LLM agents is the next big thing in AI, when we will start to finetune them on datasets of successful agent flow.\n\nUsing current LM with prompting in agents is already kinda working, but finetuning them on the full workflow of successful agent would boost them and maybe we'll be able to do it entirely autonomously."", 'post_info': 'OpenAI‚Äôs Latest Article Hints at Their Timeline for AGI and ASI on r/singularity by ginius1s', 'comment_author': 'SharpCartographer831'}"
"['in what way does essentially saying ""we have to learn how to control this because it could be very dangerous"" help them on a business level? If anything, it\'s the exact opposite. What you are claiming literally makes no sense', ""Please, point out to me where I or anyone else said that LLM are AGI. I'll wait. We know what LLMs are, I don't understand why people like you constantly feel the need to post this same exact comment on any sort of discourse that happens around AI. We all know what LLMs are. No shit they aren't AGI.""]","{'comment': 'in what way does essentially saying ""we have to learn how to control this because it could be very dangerous"" help them on a business level? If anything, it\'s the exact opposite. What you are claiming literally makes no sense', 'post_info': 'OpenAI‚Äôs Latest Article Hints at Their Timeline for AGI and ASI on r/singularity by ginius1s', 'comment_author': 'Alchemystic1123'}"
"[""Probably JavaScript/being in another industry and going to a startup as a junior. In fairness I posted this in a thread and they reached out to me. Also they are well funded and my tech friend said go for it. I just don't want to fuck up as my degree is in business"", ""Well usually a dev job doesn't involve design, there should be a UI/UX designer who can give you mockups and all you have to do is implement them. Of course, I don't know if it will work that way at the startup... that would be a good thing to ask, do they have a designer you can work with or will you be expected to do UI/UX design. \r\n\r\nDon't worry about Googling things, that's normal and it's normal to Google a lot as part of any dev job. In fact, knowing how to Google well and utilize the results you get is an important skill that not everyone has. It will serve you well.""]","{'comment': ""Probably JavaScript/being in another industry and going to a startup as a junior. In fairness I posted this in a thread and they reached out to me. Also they are well funded and my tech friend said go for it. I just don't want to fuck up as my degree is in business"", 'post_info': 'Scared Sh*tless. on r/learnprogramming by yyuyuyu2012', 'comment_author': 'yyuyuyu2012'}"
"[""Probably JavaScript/being in another industry and going to a startup as a junior. In fairness I posted this in a thread and they reached out to me. Also they are well funded and my tech friend said go for it. I just don't want to fuck up as my degree is in business"", 'What sort of speed are you getting on a Mac m2']","{'comment': 'What sort of speed are you getting on a Mac m2', 'post_info': 'OpenAI‚Äôs Latest Article Hints at Their Timeline for AGI and ASI on r/singularity by ginius1s', 'comment_author': 'Alchemystic1123'}"
"[None, None]",
"['What sort of speed are you getting on a Mac m2', ""There's still plenty of XML out there, especially in government and super big enterprises. They probably do a lot of B2B integrations.""]","{'comment': ""There's still plenty of XML out there, especially in government and super big enterprises. They probably do a lot of B2B integrations."", 'post_info': 'OpenAI‚Äôs Latest Article Hints at Their Timeline for AGI and ASI on r/singularity by ginius1s', 'comment_author': 'SharpCartographer831'}"
"[""It's normal to feel nervous when you're trying anything new. Is there anything you're specifically nervous about?"", 'AI is no less biased than the data that BIG ASS COMPANIES train it on.']","{'comment': 'AI is no less biased than the data that BIG ASS COMPANIES train it on.', 'post_info': 'OpenAI‚Äôs Latest Article Hints at Their Timeline for AGI and ASI on r/singularity by ginius1s', 'comment_author': 'BeginningAmbitious89'}"
"[""I seriously doubt your PhD offer was conditional on finishing your masters. It's only conditional on students finishing bachelor degree, because it's required, but not the masters.\r\n\r\nYes, you submitted masters transcript because you have to do that for them to see the grades you got up to that point.\r\n\r\nIs that what's going on? You post was not well written or specific enough so I had to guess a bit."", ""It's normal to feel nervous when you're trying anything new. Is there anything you're specifically nervous about?""]","{'comment': ""I seriously doubt your PhD offer was conditional on finishing your masters. It's only conditional on students finishing bachelor degree, because it's required, but not the masters.\n\nYes, you submitted masters transcript because you have to do that for them to see the grades you got up to that point.\n\nIs that what's going on? You post was not well written or specific enough so I had to guess a bit."", 'post_info': 'OpenAI‚Äôs Latest Article Hints at Their Timeline for AGI and ASI on r/singularity by ginius1s', 'comment_author': 'Alchemystic1123'}"
"['There are a lot of job scams out there so make sure it is legit. Be wary if they ask you to front any expenses or send them money which would be a huge red flag. Good luck!', 'Bing chat:\r\n\r\n‚ÄúWait, what? They‚Äôre doing what?‚Äù']","{'comment': 'There are a lot of job scams out there so make sure it is legit. Be wary if they ask you to front any expenses or send them money which would be a huge red flag. Good luck!', 'post_info': 'OpenAI‚Äôs Latest Article Hints at Their Timeline for AGI and ASI on r/singularity by ginius1s', 'comment_author': 'Alchemystic1123'}"
"[""Probably JavaScript/being in another industry and going to a startup as a junior. In fairness I posted this in a thread and they reached out to me. Also they are well funded and my tech friend said go for it. I just don't want to fuck up as my degree is in business"", 'So this is how it begins']","{'comment': 'So this is how it begins', 'post_info': 'OpenAI‚Äôs Latest Article Hints at Their Timeline for AGI and ASI on r/singularity by ginius1s', 'comment_author': 'SharpCartographer831'}"
"['They would as they dont need greed money or ego', ""Probably JavaScript/being in another industry and going to a startup as a junior. In fairness I posted this in a thread and they reached out to me. Also they are well funded and my tech friend said go for it. I just don't want to fuck up as my degree is in business""]","{'comment': 'They would as they dont need greed money or ego', 'post_info': 'OpenAI‚Äôs Latest Article Hints at Their Timeline for AGI and ASI on r/singularity by ginius1s', 'comment_author': 'Alchemystic1123'}"
"['RemindMe!2days', 'Humans are kinda Idiot Royalty.']","{'comment': 'Humans are kinda Idiot Royalty.', 'post_info': 'OpenAI‚Äôs Latest Article Hints at Their Timeline for AGI and ASI on r/singularity by ginius1s', 'comment_author': 'BeginningAmbitious89'}"
"['in what way does essentially saying ""we have to learn how to control this because it could be very dangerous"" help them on a business level? If anything, it\'s the exact opposite. What you are claiming literally makes no sense', 'well seeing how we can‚Äôt seem to fix even our most simple problems because majority of our politicians are either idiots or crooked, id love to give an AI ran government a shot']","{'comment': 'in what way does essentially saying ""we have to learn how to control this because it could be very dangerous"" help them on a business level? If anything, it\'s the exact opposite. What you are claiming literally makes no sense', 'post_info': 'OpenAI‚Äôs Latest Article Hints at Their Timeline for AGI and ASI on r/singularity by ginius1s', 'comment_author': 'Alchemystic1123'}"
"[""Probably JavaScript/being in another industry and going to a startup as a junior. In fairness I posted this in a thread and they reached out to me. Also they are well funded and my tech friend said go for it. I just don't want to fuck up as my degree is in business"", ""that's stupid. why did they not print out an improved agenda to follow instead?\r\n\r\nwhy not prove it right there with a plan that would cover all the basics, it all they could do is debate the fact that they could, it just seems like they are only at the same level.""]","{'comment': ""that's stupid. why did they not print out an improved agenda to follow instead?\n\nwhy not prove it right there with a plan that would cover all the basics, it all they could do is debate the fact that they could, it just seems like they are only at the same level."", 'post_info': 'OpenAI‚Äôs Latest Article Hints at Their Timeline for AGI and ASI on r/singularity by ginius1s', 'comment_author': 'BeginningAmbitious89'}"
"[""They stand to materially benefit from more AI hype precisely because they are the industry leader. That's why I'd never trust any timeline they publish, they have a financial incentive to exaggerate."", 'Actually we have a very good way of predicting this. We already have various narrow AGI models that can pass bar exams, medical boards and other licensing exams. One narrow AGI has scored 155 on an IQ test. Extend that specific training to more expansive areas, combine a logic and reasoning model, and there we are. I think one can pretty safely say that we will arrive at AGI within the next 5 years.']","{'comment': ""They stand to materially benefit from more AI hype precisely because they are the industry leader. That's why I'd never trust any timeline they publish, they have a financial incentive to exaggerate."", 'post_info': 'OpenAI‚Äôs Latest Article Hints at Their Timeline for AGI and ASI on r/singularity by ginius1s', 'comment_author': 'Alchemystic1123'}"
"[None, None]",
"['Bye, bitch. Should have been Harry Elam anyway. End of an error.', 'The ""salt bae"" dude, he had one viral video, made it onto multiple talk shows, and has just become a big dick with a massive ego']","{'comment': 'Bye, bitch. Should have been Harry Elam anyway. End of an error.', 'post_info': 'What was a time in which a date was going well, but the other person ruined it? on r/AskReddit by Fun_Willingness5995', 'comment_author': 'LWSNYC'}"
"['About time.', ""My stupid brother goes bear hunting alone almost every year. Some people are just kind of reckless and think they are invincible. He at least uses one of those emergency beacons. \r\n\r\nHe's a paramedic in Minneapolis and deals with a lot of crazy things and sees a lot of death so I guess thar hunting is just his release. I don't get it, but it works for him.""]","{'comment': ""My stupid brother goes bear hunting alone almost every year. Some people are just kind of reckless and think they are invincible. He at least uses one of those emergency beacons. \n\nHe's a paramedic in Minneapolis and deals with a lot of crazy things and sees a lot of death so I guess thar hunting is just his release. I don't get it, but it works for him."", 'post_info': 'What was a time in which a date was going well, but the other person ruined it? on r/AskReddit by Fun_Willingness5995', 'comment_author': 'foreskinfive'}"
"['Bye, bitch. Should have been Harry Elam anyway. End of an error.', 'I just read that. What the actual f*ck?']","{'comment': 'Bye, bitch. Should have been Harry Elam anyway. End of an error.', 'post_info': 'What was a time in which a date was going well, but the other person ruined it? on r/AskReddit by Fun_Willingness5995', 'comment_author': 'LWSNYC'}"
"['The ""salt bae"" dude, he had one viral video, made it onto multiple talk shows, and has just become a big dick with a massive ego', ""Random Xbox message a couple years back.\r\n\r\nYou're so lazy. I bet you don't stand to cum. You probably lie down, cum on yourself, and clean it up later.""]","{'comment': ""Random Xbox message a couple years back.\n\nYou're so lazy. I bet you don't stand to cum. You probably lie down, cum on yourself, and clean it up later."", 'post_info': 'What was a time in which a date was going well, but the other person ruined it? on r/AskReddit by Fun_Willingness5995', 'comment_author': 'foreskinfive'}"
"['I just read that. What the actual f*ck?', '‚Äú you mom had to think about other babies while breast feeding you‚Äù']","{'comment': 'I just read that. What the actual f*ck?', 'post_info': 'What was a time in which a date was going well, but the other person ruined it? on r/AskReddit by Fun_Willingness5995', 'comment_author': 'LWSNYC'}"
"['As soon as he found out I was Latina (apparently I didn\'t look nor sound like whatever Latino stereotype he had in his head), said ""Latina!? CALIENTE!!!!"", and quickly started making sexual remarks and talking about how he loves Latinas \'cuz they\'re so hot and spicy and sexual...\r\n\r\nNope\'d the fuck out immediately.', '‚Äú you mom had to think about other babies while breast feeding you‚Äù']","{'comment': '‚Äú you mom had to think about other babies while breast feeding you‚Äù', 'post_info': 'What was a time in which a date was going well, but the other person ruined it? on r/AskReddit by Fun_Willingness5995', 'comment_author': 'foreskinfive'}"
"['A former coworker was getting some shit from one of our customers. After the customer said something particularly bad, my coworker looked him square in the face and said ""Comments like that is probably why you\'re missing teeth.', 'hope she pulls through.']","{'comment': 'A former coworker was getting some shit from one of our customers. After the customer said something particularly bad, my coworker looked him square in the face and said ""Comments like that is probably why you\'re missing teeth.', 'post_info': 'What was a time in which a date was going well, but the other person ruined it? on r/AskReddit by Fun_Willingness5995', 'comment_author': 'LWSNYC'}"
"['Like the first 80% of it was a nice/awkward but cute first date. Then at the end she pulled out her phone and started fighting with people on Twitter and narrating all of it. It was a long drive back.', 'I worked at an office that had casual Fridays. One day a lady came to work on casual Friday in her gym clothes, and management was uptight and appalled by it. Instead of telling her that she couldn‚Äôt wear gym clothes to work, they abolished casual Friday for everyone. It pisses me off to this day.']","{'comment': 'I worked at an office that had casual Fridays. One day a lady came to work on casual Friday in her gym clothes, and management was uptight and appalled by it. Instead of telling her that she couldn‚Äôt wear gym clothes to work, they abolished casual Friday for everyone. It pisses me off to this day.', 'post_info': 'What was a time in which a date was going well, but the other person ruined it? on r/AskReddit by Fun_Willingness5995', 'comment_author': 'adtSacklunch'}"
"['I just read that. What the actual f*ck?', 'Covid. It ruined snow days for kids because now they can just log in at home on their computers instead. That‚Äôs just horse shit to me. Let the kids have a snow day\r\n\r\nEdit: obviously it ruined a lot of countless other things I was just giving one example']","{'comment': 'I just read that. What the actual f*ck?', 'post_info': 'What was a time in which a date was going well, but the other person ruined it? on r/AskReddit by Fun_Willingness5995', 'comment_author': 'LWSNYC'}"
"['A former coworker was getting some shit from one of our customers. After the customer said something particularly bad, my coworker looked him square in the face and said ""Comments like that is probably why you\'re missing teeth.', 'Also freezing I assume.']","{'comment': 'Also freezing I assume.', 'post_info': 'What was a time in which a date was going well, but the other person ruined it? on r/AskReddit by Fun_Willingness5995', 'comment_author': 'scuttlebuttleducky'}"
